<?xml version="1.0" encoding="UTF-8"?>
<type name="user">
	<user type="employee">
		<uname>arnab</uname>
		<pass>arnab</pass>
		<uname>sid</uname>
		<pass>sid</pass>
		<uname>as</uname>
		<pass>as</pass>
		<uname>shamim</uname>
		<pass>shamim</pass>
		
	</user>
	<user type="job_seeker">
		<uname>habib</uname>
		<pass>habib</pass>
		<uname>raihan</uname>
		<pass>raihan</pass>
		<uname>arnab</uname>
		<pass>arnab</pass>
	</user>
	<user type="admin">
		<uname>admin</uname>
		<pass>admin</pass>
		<uname>arnab</uname>
		<pass>arnab</pass>
		<uname>habib</uname>
		<pass>habib</pass>
		<uname>ashikul</uname>
		<pass>ashikul</pass>
	</user>
</type>